granary_id,heap_id,grid_x,grid_y,grid_z,detection_time,forecast_day,predicted_temp
蚬冈库,P2-1-01堆位,3,2,6,2025-06-27 02:01:14,1,25.502160578781893
蚬冈库,P2-1-01堆位,5,4,4,2025-06-27 02:01:14,1,19.66756138739712
蚬冈库,P2-1-01堆位,2,2,1,2025-06-27 02:01:14,1,24.006516602254862
蚬冈库,P2-1-01堆位,2,2,2,2025-06-27 02:01:14,1,27.677357284187128
蚬冈库,P2-1-01堆位,2,2,3,2025-06-27 02:01:14,1,26.27588058912831
蚬冈库,P2-1-01堆位,2,2,4,2025-06-27 02:01:14,1,26.245055037118323
蚬冈库,P2-1-01堆位,2,2,5,2025-06-27 02:01:14,1,25.253501874559593
蚬冈库,P2-1-01堆位,2,2,6,2025-06-27 02:01:14,1,25.004989051511696
蚬冈库,P2-1-01堆位,2,3,1,2025-06-27 02:01:14,1,18.507061957871542
蚬冈库,P2-1-01堆位,2,3,2,2025-06-27 02:01:14,1,24.006736917194818
蚬冈库,P2-1-01堆位,2,3,3,2025-06-27 02:01:14,1,17.08111596226649
蚬冈库,P2-1-01堆位,2,3,4,2025-06-27 02:01:14,1,17.080998465565553
蚬冈库,P2-1-01堆位,2,3,5,2025-06-27 02:01:14,1,17.080998465565553
蚬冈库,P2-1-01堆位,2,3,6,2025-06-27 02:01:14,1,17.96257825546022
蚬冈库,P2-1-01堆位,2,1,6,2025-06-27 02:01:14,1,27.80514353364161
蚬冈库,P2-1-01堆位,2,4,1,2025-06-27 02:01:14,1,20.266155633515645
蚬冈库,P2-1-01堆位,2,4,3,2025-06-27 02:01:14,1,17.791191583662183
蚬冈库,P2-1-01堆位,2,4,4,2025-06-27 02:01:14,1,17.991079866133354
蚬冈库,P2-1-01堆位,2,4,5,2025-06-27 02:01:14,1,18.500504720996002
蚬冈库,P2-1-01堆位,2,4,6,2025-06-27 02:01:14,1,19.98091201048768
蚬冈库,P2-1-01堆位,3,1,1,2025-06-27 02:01:14,1,27.559580495663273
蚬冈库,P2-1-01堆位,3,1,2,2025-06-27 02:01:14,1,27.801205081461127
蚬冈库,P2-1-01堆位,3,1,3,2025-06-27 02:01:14,1,27.800265171358987
蚬冈库,P2-1-01堆位,3,1,4,2025-06-27 02:01:14,1,27.68694689555503
蚬冈库,P2-1-01堆位,3,1,5,2025-06-27 02:01:14,1,27.688910219132506
蚬冈库,P2-1-01堆位,3,1,6,2025-06-27 02:01:14,1,28.31210714306787
蚬冈库,P2-1-01堆位,3,2,1,2025-06-27 02:01:14,1,22.75225322272014
蚬冈库,P2-1-01堆位,3,2,2,2025-06-27 02:01:14,1,25.004913580656186
蚬冈库,P2-1-01堆位,2,4,2,2025-06-27 02:01:14,1,16.90591633550334
蚬冈库,P2-1-01堆位,3,2,3,2025-06-27 02:01:14,1,25.253053922860857
蚬冈库,P2-1-01堆位,2,1,5,2025-06-27 02:01:14,1,27.690441054532986
蚬冈库,P2-1-01堆位,2,1,3,2025-06-27 02:01:14,1,28.254503492337218
蚬冈库,P2-1-01堆位,1,1,1,2025-06-27 02:01:14,1,28.694581979049737
蚬冈库,P2-1-01堆位,1,1,2,2025-06-27 02:01:14,1,27.9998932425559
蚬冈库,P2-1-01堆位,1,1,3,2025-06-27 02:01:14,1,28.279610535311257
蚬冈库,P2-1-01堆位,1,1,4,2025-06-27 02:01:14,1,27.688457957026067
蚬冈库,P2-1-01堆位,1,1,5,2025-06-27 02:01:14,1,27.247703432268594
蚬冈库,P2-1-01堆位,1,1,6,2025-06-27 02:01:14,1,27.748162884879406
蚬冈库,P2-1-01堆位,1,2,1,2025-06-27 02:01:14,1,23.2558524966668
蚬冈库,P2-1-01堆位,1,2,2,2025-06-27 02:01:14,1,25.004989051511696
蚬冈库,P2-1-01堆位,1,2,3,2025-06-27 02:01:14,1,24.751885714045628
蚬冈库,P2-1-01堆位,1,2,4,2025-06-27 02:01:14,1,25.25203630130072
蚬冈库,P2-1-01堆位,1,2,5,2025-06-27 02:01:14,1,24.25087728192443
蚬冈库,P2-1-01堆位,1,2,6,2025-06-27 02:01:14,1,24.771968692039046
蚬冈库,P2-1-01堆位,2,1,4,2025-06-27 02:01:14,1,27.811910741679398
蚬冈库,P2-1-01堆位,1,3,1,2025-06-27 02:01:14,1,19.98622945974396
蚬冈库,P2-1-01堆位,1,3,3,2025-06-27 02:01:14,1,19.100722493476876
蚬冈库,P2-1-01堆位,1,3,4,2025-06-27 02:01:14,1,20.48590929409791
蚬冈库,P2-1-01堆位,1,3,5,2025-06-27 02:01:14,1,18.791777865005532
蚬冈库,P2-1-01堆位,1,3,6,2025-06-27 02:01:14,1,19.76849096070664
蚬冈库,P2-1-01堆位,1,4,1,2025-06-27 02:01:14,1,21.2281329333018
蚬冈库,P2-1-01堆位,1,4,2,2025-06-27 02:01:14,1,19.980945352551192
蚬冈库,P2-1-01堆位,1,4,3,2025-06-27 02:01:14,1,20.206589854598054
蚬冈库,P2-1-01堆位,1,4,4,2025-06-27 02:01:14,1,18.780197049826587
蚬冈库,P2-1-01堆位,1,4,5,2025-06-27 02:01:14,1,21.007294038415093
蚬冈库,P2-1-01堆位,1,4,6,2025-06-27 02:01:14,1,21.02173795861072
蚬冈库,P2-1-01堆位,2,1,1,2025-06-27 02:01:14,1,27.17482898481725
蚬冈库,P2-1-01堆位,2,1,2,2025-06-27 02:01:14,1,27.69048228664071
蚬冈库,P2-1-01堆位,1,3,2,2025-06-27 02:01:14,1,18.24916027868607
蚬冈库,P2-1-01堆位,5,4,5,2025-06-27 02:01:14,1,19.9819386038167
蚬冈库,P2-1-01堆位,3,2,4,2025-06-27 02:01:14,1,25.509472378308583
蚬冈库,P2-1-01堆位,3,3,1,2025-06-27 02:01:14,1,17.79064475453787
蚬冈库,P2-1-01堆位,4,4,2,2025-06-27 02:01:14,1,18.779157857258006
蚬冈库,P2-1-01堆位,4,4,3,2025-06-27 02:01:14,1,19.246491176164163
蚬冈库,P2-1-01堆位,4,4,4,2025-06-27 02:01:14,1,19.086390331875357
蚬冈库,P2-1-01堆位,4,4,5,2025-06-27 02:01:14,1,19.096821738997594
蚬冈库,P2-1-01堆位,4,4,6,2025-06-27 02:01:14,1,19.777478228676173
蚬冈库,P2-1-01堆位,5,1,1,2025-06-27 02:01:14,1,28.40194491648816
蚬冈库,P2-1-01堆位,5,1,2,2025-06-27 02:01:14,1,27.690522274033864
蚬冈库,P2-1-01堆位,5,1,3,2025-06-27 02:01:14,1,28.698320593602148
蚬冈库,P2-1-01堆位,5,1,4,2025-06-27 02:01:14,1,27.559999334834007
蚬冈库,P2-1-01堆位,5,1,5,2025-06-27 02:01:14,1,28.023995288984814
蚬冈库,P2-1-01堆位,5,1,6,2025-06-27 02:01:14,1,28.32828289557892
蚬冈库,P2-1-01堆位,5,2,1,2025-06-27 02:01:14,1,27.393255231038815
蚬冈库,P2-1-01堆位,4,4,1,2025-06-27 02:01:14,1,20.747777667628267
蚬冈库,P2-1-01堆位,5,2,2,2025-06-27 02:01:14,1,26.238311351458893
蚬冈库,P2-1-01堆位,5,2,4,2025-06-27 02:01:14,1,26.50732155241998
蚬冈库,P2-1-01堆位,5,2,5,2025-06-27 02:01:14,1,25.75764722859599
蚬冈库,P2-1-01堆位,5,2,6,2025-06-27 02:01:14,1,26.011009927264414
蚬冈库,P2-1-01堆位,5,3,1,2025-06-27 02:01:14,1,23.7550526486263
蚬冈库,P2-1-01堆位,5,3,2,2025-06-27 02:01:14,1,20.271143938030793
蚬冈库,P2-1-01堆位,5,3,3,2025-06-27 02:01:14,1,25.497830807265863
蚬冈库,P2-1-01堆位,5,3,4,2025-06-27 02:01:14,1,21.13136886893373
蚬冈库,P2-1-01堆位,5,3,5,2025-06-27 02:01:14,1,19.685266802501154
蚬冈库,P2-1-01堆位,5,3,6,2025-06-27 02:01:14,1,20.550087709415482
蚬冈库,P2-1-01堆位,5,4,1,2025-06-27 02:01:14,1,22.505307233703356
蚬冈库,P2-1-01堆位,5,4,2,2025-06-27 02:01:14,1,20.26561290560826
蚬冈库,P2-1-01堆位,5,4,3,2025-06-27 02:01:14,1,20.48035658494346
蚬冈库,P2-1-01堆位,5,2,3,2025-06-27 02:01:14,1,28.58402016712821
蚬冈库,P2-1-01堆位,3,2,5,2025-06-27 02:01:14,1,25.499604164060276
蚬冈库,P2-1-01堆位,4,3,6,2025-06-27 02:01:14,1,18.244613735979804
蚬冈库,P2-1-01堆位,4,3,4,2025-06-27 02:01:14,1,17.26750680513099
蚬冈库,P2-1-01堆位,3,3,2,2025-06-27 02:01:14,1,17.080816707649973
蚬冈库,P2-1-01堆位,3,3,3,2025-06-27 02:01:14,1,16.90628811610022
蚬冈库,P2-1-01堆位,3,3,4,2025-06-27 02:01:14,1,17.24736363536111
蚬冈库,P2-1-01堆位,3,3,5,2025-06-27 02:01:14,1,17.080482444632793
蚬冈库,P2-1-01堆位,3,3,6,2025-06-27 02:01:14,1,18.503113351253347
蚬冈库,P2-1-01堆位,3,4,1,2025-06-27 02:01:14,1,20.720482375065384
蚬冈库,P2-1-01堆位,3,4,2,2025-06-27 02:01:14,1,19.247386042432826
蚬冈库,P2-1-01堆位,3,4,3,2025-06-27 02:01:14,1,18.246274454148157
蚬冈库,P2-1-01堆位,3,4,4,2025-06-27 02:01:14,1,18.246207610739734
蚬冈库,P2-1-01堆位,3,4,5,2025-06-27 02:01:14,1,18.77731922529046
蚬冈库,P2-1-01堆位,3,4,6,2025-06-27 02:01:14,1,19.777461383896956
蚬冈库,P2-1-01堆位,4,1,1,2025-06-27 02:01:14,1,27.680107946070933
蚬冈库,P2-1-01堆位,4,3,5,2025-06-27 02:01:14,1,17.453587520154674
蚬冈库,P2-1-01堆位,4,1,2,2025-06-27 02:01:14,1,27.80058628210329
蚬冈库,P2-1-01堆位,4,1,4,2025-06-27 02:01:14,1,27.99444123594543
蚬冈库,P2-1-01堆位,4,1,5,2025-06-27 02:01:14,1,27.810000406408736
蚬冈库,P2-1-01堆位,4,1,6,2025-06-27 02:01:14,1,28.0559156023922
蚬冈库,P2-1-01堆位,4,2,1,2025-06-27 02:01:14,1,22.266957685614567
蚬冈库,P2-1-01堆位,4,2,2,2025-06-27 02:01:14,1,25.252242279387666
蚬冈库,P2-1-01堆位,4,2,3,2025-06-27 02:01:14,1,25.80631616323467
蚬冈库,P2-1-01堆位,4,2,4,2025-06-27 02:01:14,1,25.505726934088273
蚬冈库,P2-1-01堆位,4,2,5,2025-06-27 02:01:14,1,25.747499616734636
蚬冈库,P2-1-01堆位,4,2,6,2025-06-27 02:01:14,1,24.75332771188284
蚬冈库,P2-1-01堆位,4,3,1,2025-06-27 02:01:14,1,17.990328840874017
蚬冈库,P2-1-01堆位,4,3,2,2025-06-27 02:01:14,1,17.2674483538682
蚬冈库,P2-1-01堆位,4,3,3,2025-06-27 02:01:14,1,16.697244377841237
蚬冈库,P2-1-01堆位,4,1,3,2025-06-27 02:01:14,1,27.68615520488691
蚬冈库,P2-1-01堆位,5,4,6,2025-06-27 02:01:14,1,20.741308841447523
蚬冈库,P2-1-01堆位,3,2,6,2025-06-28 02:01:14,2,25.686721613140495
蚬冈库,P2-1-01堆位,5,4,4,2025-06-28 02:01:14,2,19.543047692764603
蚬冈库,P2-1-01堆位,2,2,1,2025-06-28 02:01:14,2,24.074824654076956
蚬冈库,P2-1-01堆位,2,2,2,2025-06-28 02:01:14,2,27.68145228710887
蚬冈库,P2-1-01堆位,2,2,3,2025-06-28 02:01:14,2,26.22304777907359
蚬冈库,P2-1-01堆位,2,2,4,2025-06-28 02:01:14,2,26.357663511015566
蚬冈库,P2-1-01堆位,2,2,5,2025-06-28 02:01:14,2,25.37964832460092
蚬冈库,P2-1-01堆位,2,2,6,2025-06-28 02:01:14,2,25.07063479260409
蚬冈库,P2-1-01堆位,2,3,1,2025-06-28 02:01:14,2,18.58442848074516
蚬冈库,P2-1-01堆位,2,3,2,2025-06-28 02:01:14,2,24.07988676727346
蚬冈库,P2-1-01堆位,2,3,3,2025-06-28 02:01:14,2,17.507626048943333
蚬冈库,P2-1-01堆位,2,3,4,2025-06-28 02:01:14,2,17.462804796119652
蚬冈库,P2-1-01堆位,2,3,5,2025-06-28 02:01:14,2,17.462804796119652
蚬冈库,P2-1-01堆位,2,3,6,2025-06-28 02:01:14,2,18.176363696951856
蚬冈库,P2-1-01堆位,2,1,6,2025-06-28 02:01:14,2,27.938675389287127
蚬冈库,P2-1-01堆位,2,4,1,2025-06-28 02:01:14,2,20.255859746840137
蚬冈库,P2-1-01堆位,2,4,3,2025-06-28 02:01:14,2,17.93825613828341
蚬冈库,P2-1-01堆位,2,4,4,2025-06-28 02:01:14,2,18.13986734333676
蚬冈库,P2-1-01堆位,2,4,5,2025-06-28 02:01:14,2,18.49792339825211
蚬冈库,P2-1-01堆位,2,4,6,2025-06-28 02:01:14,2,19.974858547189108
蚬冈库,P2-1-01堆位,3,1,1,2025-06-28 02:01:14,2,27.723053049505012
蚬冈库,P2-1-01堆位,3,1,2,2025-06-28 02:01:14,2,27.941243324875593
蚬冈库,P2-1-01堆位,3,1,3,2025-06-28 02:01:14,2,27.928521793723238
蚬冈库,P2-1-01堆位,3,1,4,2025-06-28 02:01:14,2,27.76334890331105
蚬冈库,P2-1-01堆位,3,1,5,2025-06-28 02:01:14,2,27.82470234546186
蚬冈库,P2-1-01堆位,3,1,6,2025-06-28 02:01:14,2,28.33817070431433
蚬冈库,P2-1-01堆位,3,2,1,2025-06-28 02:01:14,2,22.870937913204543
蚬冈库,P2-1-01堆位,3,2,2,2025-06-28 02:01:14,2,25.08415417204771
蚬冈库,P2-1-01堆位,2,4,2,2025-06-28 02:01:14,2,17.33319680096701
蚬冈库,P2-1-01堆位,3,2,3,2025-06-28 02:01:14,2,25.339231505200193
蚬冈库,P2-1-01堆位,2,1,5,2025-06-28 02:01:14,2,27.821128355853297
蚬冈库,P2-1-01堆位,2,1,3,2025-06-28 02:01:14,2,28.26112202682614
蚬冈库,P2-1-01堆位,1,1,1,2025-06-28 02:01:14,2,28.743277712984092
蚬冈库,P2-1-01堆位,1,1,2,2025-06-28 02:01:14,2,28.13445498711164
蚬冈库,P2-1-01堆位,1,1,3,2025-06-28 02:01:14,2,28.326902320811193
蚬冈库,P2-1-01堆位,1,1,4,2025-06-28 02:01:14,2,27.83591268593331
蚬冈库,P2-1-01堆位,1,1,5,2025-06-28 02:01:14,2,27.42405236603859
蚬冈库,P2-1-01堆位,1,1,6,2025-06-28 02:01:14,2,27.90117456987249
蚬冈库,P2-1-01堆位,1,2,1,2025-06-28 02:01:14,2,23.430078345940355
蚬冈库,P2-1-01堆位,1,2,2,2025-06-28 02:01:14,2,25.071062942801547
蚬冈库,P2-1-01堆位,1,2,3,2025-06-28 02:01:14,2,24.839332955498474
蚬冈库,P2-1-01堆位,1,2,4,2025-06-28 02:01:14,2,25.339755121364288
蚬冈库,P2-1-01堆位,1,2,5,2025-06-28 02:01:14,2,24.402593636989867
蚬冈库,P2-1-01堆位,1,2,6,2025-06-28 02:01:14,2,25.09301784689585
蚬冈库,P2-1-01堆位,2,1,4,2025-06-28 02:01:14,2,27.93223932784306
蚬冈库,P2-1-01堆位,1,3,1,2025-06-28 02:01:14,2,20.053787655501115
蚬冈库,P2-1-01堆位,1,3,3,2025-06-28 02:01:14,2,19.127211616292065
蚬冈库,P2-1-01堆位,1,3,4,2025-06-28 02:01:14,2,20.503588546913406
蚬冈库,P2-1-01堆位,1,3,5,2025-06-28 02:01:14,2,18.86889857095909
蚬冈库,P2-1-01堆位,1,3,6,2025-06-28 02:01:14,2,19.862527041721485
蚬冈库,P2-1-01堆位,1,4,1,2025-06-28 02:01:14,2,21.349860972456813
蚬冈库,P2-1-01堆位,1,4,2,2025-06-28 02:01:14,2,19.967754339008426
蚬冈库,P2-1-01堆位,1,4,3,2025-06-28 02:01:14,2,20.29751192322861
蚬冈库,P2-1-01堆位,1,4,4,2025-06-28 02:01:14,2,18.78607603661464
蚬冈库,P2-1-01堆位,1,4,5,2025-06-28 02:01:14,2,20.97789856633068
蚬冈库,P2-1-01堆位,1,4,6,2025-06-28 02:01:14,2,21.01403308782202
蚬冈库,P2-1-01堆位,2,1,1,2025-06-28 02:01:14,2,27.4903419389404
蚬冈库,P2-1-01堆位,2,1,2,2025-06-28 02:01:14,2,27.778643064131067
蚬冈库,P2-1-01堆位,1,3,2,2025-06-28 02:01:14,2,18.345386219184014
蚬冈库,P2-1-01堆位,5,4,5,2025-06-28 02:01:14,2,19.975545923764226
蚬冈库,P2-1-01堆位,3,2,4,2025-06-28 02:01:14,2,25.56381720999747
蚬冈库,P2-1-01堆位,3,3,1,2025-06-28 02:01:14,2,17.923614688436306
蚬冈库,P2-1-01堆位,4,4,2,2025-06-28 02:01:14,2,18.788970652471093
蚬冈库,P2-1-01堆位,4,4,3,2025-06-28 02:01:14,2,19.244545857984864
蚬冈库,P2-1-01堆位,4,4,4,2025-06-28 02:01:14,2,19.01995205443394
蚬冈库,P2-1-01堆位,4,4,5,2025-06-28 02:01:14,2,19.066222230462174
蚬冈库,P2-1-01堆位,4,4,6,2025-06-28 02:01:14,2,19.790402875579808
蚬冈库,P2-1-01堆位,5,1,1,2025-06-28 02:01:14,2,28.639189808540642
蚬冈库,P2-1-01堆位,5,1,2,2025-06-28 02:01:14,2,27.778698276316035
蚬冈库,P2-1-01堆位,5,1,3,2025-06-28 02:01:14,2,28.743141660080962
蚬冈库,P2-1-01堆位,5,1,4,2025-06-28 02:01:14,2,27.723191647371625
蚬冈库,P2-1-01堆位,5,1,5,2025-06-28 02:01:14,2,28.18588961728589
蚬冈库,P2-1-01堆位,5,1,6,2025-06-28 02:01:14,2,28.35361732903604
蚬冈库,P2-1-01堆位,5,2,1,2025-06-28 02:01:14,2,27.677632663150295
蚬冈库,P2-1-01堆位,4,4,1,2025-06-28 02:01:14,2,20.735647555536776
蚬冈库,P2-1-01堆位,5,2,2,2025-06-28 02:01:14,2,26.2101273394889
蚬冈库,P2-1-01堆位,5,2,4,2025-06-28 02:01:14,2,26.632617947533358
蚬冈库,P2-1-01堆位,5,2,5,2025-06-28 02:01:14,2,25.755031986183333
蚬冈库,P2-1-01堆位,5,2,6,2025-06-28 02:01:14,2,25.83165231251191
蚬冈库,P2-1-01堆位,5,3,1,2025-06-28 02:01:14,2,23.894228940061225
蚬冈库,P2-1-01堆位,5,3,2,2025-06-28 02:01:14,2,20.2706226662742
蚬冈库,P2-1-01堆位,5,3,3,2025-06-28 02:01:14,2,25.525407415937906
蚬冈库,P2-1-01堆位,5,3,4,2025-06-28 02:01:14,2,21.243013238391285
蚬冈库,P2-1-01堆位,5,3,5,2025-06-28 02:01:14,2,19.62959770346896
蚬冈库,P2-1-01堆位,5,3,6,2025-06-28 02:01:14,2,20.5181842439658
蚬冈库,P2-1-01堆位,5,4,1,2025-06-28 02:01:14,2,22.513860305443018
蚬冈库,P2-1-01堆位,5,4,2,2025-06-28 02:01:14,2,20.220967640631486
蚬冈库,P2-1-01堆位,5,4,3,2025-06-28 02:01:14,2,20.45029863128141
蚬冈库,P2-1-01堆位,5,2,3,2025-06-28 02:01:14,2,28.515349942023285
蚬冈库,P2-1-01堆位,3,2,5,2025-06-28 02:01:14,2,25.59129778312629
蚬冈库,P2-1-01堆位,4,3,6,2025-06-28 02:01:14,2,18.26536298657275
蚬冈库,P2-1-01堆位,4,3,4,2025-06-28 02:01:14,2,17.714956014228875
蚬冈库,P2-1-01堆位,3,3,2,2025-06-28 02:01:14,2,17.462804796119652
蚬冈库,P2-1-01堆位,3,3,3,2025-06-28 02:01:14,2,17.340020784119567
蚬冈库,P2-1-01堆位,3,3,4,2025-06-28 02:01:14,2,17.547175059319898
蚬冈库,P2-1-01堆位,3,3,5,2025-06-28 02:01:14,2,17.448731042705315
蚬冈库,P2-1-01堆位,3,3,6,2025-06-28 02:01:14,2,18.506687332509514
蚬冈库,P2-1-01堆位,3,4,1,2025-06-28 02:01:14,2,20.73562836736841
蚬冈库,P2-1-01堆位,3,4,2,2025-06-28 02:01:14,2,19.244887973321212
蚬冈库,P2-1-01堆位,3,4,3,2025-06-28 02:01:14,2,18.262501643231182
蚬冈库,P2-1-01堆位,3,4,4,2025-06-28 02:01:14,2,18.262501643231182
蚬冈库,P2-1-01堆位,3,4,5,2025-06-28 02:01:14,2,18.790135318662184
蚬冈库,P2-1-01堆位,3,4,6,2025-06-28 02:01:14,2,19.790252883531107
蚬冈库,P2-1-01堆位,4,1,1,2025-06-28 02:01:14,2,27.836310118161283
蚬冈库,P2-1-01堆位,4,3,5,2025-06-28 02:01:14,2,17.915773758299355
蚬冈库,P2-1-01堆位,4,1,2,2025-06-28 02:01:14,2,27.867554366133565
蚬冈库,P2-1-01堆位,4,1,4,2025-06-28 02:01:14,2,28.13487193668034
蚬冈库,P2-1-01堆位,4,1,5,2025-06-28 02:01:14,2,27.93884682141053
蚬冈库,P2-1-01堆位,4,1,6,2025-06-28 02:01:14,2,28.207187196715925
蚬冈库,P2-1-01堆位,4,2,1,2025-06-28 02:01:14,2,22.281864150430714
蚬冈库,P2-1-01堆位,4,2,2,2025-06-28 02:01:14,2,25.32254981290024
蚬冈库,P2-1-01堆位,4,2,3,2025-06-28 02:01:14,2,25.97811514688622
蚬冈库,P2-1-01堆位,4,2,4,2025-06-28 02:01:14,2,25.6939927617763
蚬冈库,P2-1-01堆位,4,2,5,2025-06-28 02:01:14,2,25.704577383761738
蚬冈库,P2-1-01堆位,4,2,6,2025-06-28 02:01:14,2,24.870022129849264
蚬冈库,P2-1-01堆位,4,3,1,2025-06-28 02:01:14,2,18.174506513700972
蚬冈库,P2-1-01堆位,4,3,2,2025-06-28 02:01:14,2,17.71443239806478
蚬冈库,P2-1-01堆位,4,3,3,2025-06-28 02:01:14,2,17.21025032127084
蚬冈库,P2-1-01堆位,4,1,3,2025-06-28 02:01:14,2,27.765757445162002
蚬冈库,P2-1-01堆位,5,4,6,2025-06-28 02:01:14,2,20.74629817322194
蚬冈库,P2-1-01堆位,3,2,6,2025-06-29 02:01:14,3,25.705577091635877
蚬冈库,P2-1-01堆位,5,4,4,2025-06-29 02:01:14,3,19.576360592058577
蚬冈库,P2-1-01堆位,2,2,1,2025-06-29 02:01:14,3,24.230491218190306
蚬冈库,P2-1-01堆位,2,2,2,2025-06-29 02:01:14,3,27.571761285789172
蚬冈库,P2-1-01堆位,2,2,3,2025-06-29 02:01:14,3,26.555020550932387
蚬冈库,P2-1-01堆位,2,2,4,2025-06-29 02:01:14,3,26.479167844877047
蚬冈库,P2-1-01堆位,2,2,5,2025-06-29 02:01:14,3,25.547834149308148
蚬冈库,P2-1-01堆位,2,2,6,2025-06-29 02:01:14,3,25.24744828895355
蚬冈库,P2-1-01堆位,2,3,1,2025-06-29 02:01:14,3,18.660584600671694
蚬冈库,P2-1-01堆位,2,3,2,2025-06-29 02:01:14,3,24.22239398813518
蚬冈库,P2-1-01堆位,2,3,3,2025-06-29 02:01:14,3,17.499332677659865
蚬冈库,P2-1-01堆位,2,3,4,2025-06-29 02:01:14,3,17.459958228593717
蚬冈库,P2-1-01堆位,2,3,5,2025-06-29 02:01:14,3,17.459958228593717
蚬冈库,P2-1-01堆位,2,3,6,2025-06-29 02:01:14,3,18.326187993051672
蚬冈库,P2-1-01堆位,2,1,6,2025-06-29 02:01:14,3,27.97693782010117
蚬冈库,P2-1-01堆位,2,4,1,2025-06-29 02:01:14,3,20.240600499151025
蚬冈库,P2-1-01堆位,2,4,3,2025-06-29 02:01:14,3,18.02526128337863
蚬冈库,P2-1-01堆位,2,4,4,2025-06-29 02:01:14,3,18.25923091372695
蚬冈库,P2-1-01堆位,2,4,5,2025-06-29 02:01:14,3,18.544109346155793
蚬冈库,P2-1-01堆位,2,4,6,2025-06-29 02:01:14,3,20.025928624605417
蚬冈库,P2-1-01堆位,3,1,1,2025-06-29 02:01:14,3,27.726630087584727
蚬冈库,P2-1-01堆位,3,1,2,2025-06-29 02:01:14,3,27.97693782010117
蚬冈库,P2-1-01堆位,3,1,3,2025-06-29 02:01:14,3,27.97693782010117
蚬冈库,P2-1-01堆位,3,1,4,2025-06-29 02:01:14,3,27.655205000326838
蚬冈库,P2-1-01堆位,3,1,5,2025-06-29 02:01:14,3,27.65477039952092
蚬冈库,P2-1-01堆位,3,1,6,2025-06-29 02:01:14,3,28.424621499312625
蚬冈库,P2-1-01堆位,3,2,1,2025-06-29 02:01:14,3,22.99780078217852
蚬冈库,P2-1-01堆位,3,2,2,2025-06-29 02:01:14,3,25.20745352444652
蚬冈库,P2-1-01堆位,2,4,2,2025-06-29 02:01:14,3,17.28146883603808
蚬冈库,P2-1-01堆位,3,2,3,2025-06-29 02:01:14,3,25.38136465396638
蚬冈库,P2-1-01堆位,2,1,5,2025-06-29 02:01:14,3,27.65477039952092
蚬冈库,P2-1-01堆位,2,1,3,2025-06-29 02:01:14,3,28.413238982242092
蚬冈库,P2-1-01堆位,1,1,1,2025-06-29 02:01:14,3,28.805908056384336
蚬冈库,P2-1-01堆位,1,1,2,2025-06-29 02:01:14,3,28.2406311623563
蚬冈库,P2-1-01堆位,1,1,3,2025-06-29 02:01:14,3,28.424621499312625
蚬冈库,P2-1-01堆位,1,1,4,2025-06-29 02:01:14,3,27.661586452299375
蚬冈库,P2-1-01堆位,1,1,5,2025-06-29 02:01:14,3,27.239613620560107
蚬冈库,P2-1-01堆位,1,1,6,2025-06-29 02:01:14,3,27.672968969369908
蚬冈库,P2-1-01堆位,1,2,1,2025-06-29 02:01:14,3,23.52500669224107
蚬冈库,P2-1-01堆位,1,2,2,2025-06-29 02:01:14,3,25.24744828895355
蚬冈库,P2-1-01堆位,1,2,3,2025-06-29 02:01:14,3,24.967649628467605
蚬冈库,P2-1-01堆位,1,2,4,2025-06-29 02:01:14,3,25.3817149810028
蚬冈库,P2-1-01堆位,1,2,5,2025-06-29 02:01:14,3,24.47321085336291
蚬冈库,P2-1-01堆位,1,2,6,2025-06-29 02:01:14,3,25.078250780416813
蚬冈库,P2-1-01堆位,2,1,4,2025-06-29 02:01:14,3,27.97376192935738
蚬冈库,P2-1-01堆位,1,3,1,2025-06-29 02:01:14,3,20.08969570298305
蚬冈库,P2-1-01堆位,1,3,3,2025-06-29 02:01:14,3,19.395237499380602
蚬冈库,P2-1-01堆位,1,3,4,2025-06-29 02:01:14,3,20.573395087675692
蚬冈库,P2-1-01堆位,1,3,5,2025-06-29 02:01:14,3,19.062791192694938
蚬冈库,P2-1-01堆位,1,3,6,2025-06-29 02:01:14,3,19.764616312854063
蚬冈库,P2-1-01堆位,1,4,1,2025-06-29 02:01:14,3,21.42667124575817
蚬冈库,P2-1-01堆位,1,4,2,2025-06-29 02:01:14,3,20.011872978106627
蚬冈库,P2-1-01堆位,1,4,3,2025-06-29 02:01:14,3,20.262017666878823
蚬冈库,P2-1-01堆位,1,4,4,2025-06-29 02:01:14,3,18.970853278379963
蚬冈库,P2-1-01堆位,1,4,5,2025-06-29 02:01:14,3,20.948712637211386
蚬冈库,P2-1-01堆位,1,4,6,2025-06-29 02:01:14,3,20.960417664687718
蚬冈库,P2-1-01堆位,2,1,1,2025-06-29 02:01:14,3,27.152459497108783
蚬冈库,P2-1-01堆位,2,1,2,2025-06-29 02:01:14,3,27.655205000326838
蚬冈库,P2-1-01堆位,1,3,2,2025-06-29 02:01:14,3,18.503169012892034
蚬冈库,P2-1-01堆位,5,4,5,2025-06-29 02:01:14,3,20.001258438900166
蚬冈库,P2-1-01堆位,3,2,4,2025-06-29 02:01:14,3,25.59907021312644
蚬冈库,P2-1-01堆位,3,3,1,2025-06-29 02:01:14,3,18.071194690358425
蚬冈库,P2-1-01堆位,4,4,2,2025-06-29 02:01:14,3,18.965763242960268
蚬冈库,P2-1-01堆位,4,4,3,2025-06-29 02:01:14,3,19.260577637704223
蚬冈库,P2-1-01堆位,4,4,4,2025-06-29 02:01:14,3,19.022757451851977
蚬冈库,P2-1-01堆位,4,4,5,2025-06-29 02:01:14,3,19.078342481581338
蚬冈库,P2-1-01堆位,4,4,6,2025-06-29 02:01:14,3,19.69018206160939
蚬冈库,P2-1-01堆位,5,1,1,2025-06-29 02:01:14,3,28.424621499312625
蚬冈库,P2-1-01堆位,5,1,2,2025-06-29 02:01:14,3,27.671500266383987
蚬冈库,P2-1-01堆位,5,1,3,2025-06-29 02:01:14,3,28.805908056384336
蚬冈库,P2-1-01堆位,5,1,4,2025-06-29 02:01:14,3,27.726630087584727
蚬冈库,P2-1-01堆位,5,1,5,2025-06-29 02:01:14,3,28.252013679426835
蚬冈库,P2-1-01堆位,5,1,6,2025-06-29 02:01:14,3,28.424621499312625
蚬冈库,P2-1-01堆位,5,2,1,2025-06-29 02:01:14,3,27.41477414079008
蚬冈库,P2-1-01堆位,4,4,1,2025-06-29 02:01:14,3,20.725943050418326
蚬冈库,P2-1-01堆位,5,2,2,2025-06-29 02:01:14,3,26.364367892230813
蚬冈库,P2-1-01堆位,5,2,4,2025-06-29 02:01:14,3,26.665767163046002
蚬冈库,P2-1-01堆位,5,2,5,2025-06-29 02:01:14,3,25.92571260942558
蚬冈库,P2-1-01堆位,5,2,6,2025-06-29 02:01:14,3,26.043660802454227
蚬冈库,P2-1-01堆位,5,3,1,2025-06-29 02:01:14,3,24.01017371531286
蚬冈库,P2-1-01堆位,5,3,2,2025-06-29 02:01:14,3,20.282125124711744
蚬冈库,P2-1-01堆位,5,3,3,2025-06-29 02:01:14,3,25.606659131875045
蚬冈库,P2-1-01堆位,5,3,4,2025-06-29 02:01:14,3,21.392639036038013
蚬冈库,P2-1-01堆位,5,3,5,2025-06-29 02:01:14,3,19.681790112207366
蚬冈库,P2-1-01堆位,5,3,6,2025-06-29 02:01:14,3,20.566267016386043
蚬冈库,P2-1-01堆位,5,4,1,2025-06-29 02:01:14,3,22.552570554379294
蚬冈库,P2-1-01堆位,5,4,2,2025-06-29 02:01:14,3,20.220435998237853
蚬冈库,P2-1-01堆位,5,4,3,2025-06-29 02:01:14,3,20.522182975741693
蚬冈库,P2-1-01堆位,5,2,3,2025-06-29 02:01:14,3,28.805908056384336
蚬冈库,P2-1-01堆位,3,2,5,2025-06-29 02:01:14,3,25.687541405848528
蚬冈库,P2-1-01堆位,4,3,6,2025-06-29 02:01:14,3,18.454585799917158
蚬冈库,P2-1-01堆位,4,3,4,2025-06-29 02:01:14,3,17.64583163304631
蚬冈库,P2-1-01堆位,3,3,2,2025-06-29 02:01:14,3,17.459958228593717
蚬冈库,P2-1-01堆位,3,3,3,2025-06-29 02:01:14,3,17.334005050055325
蚬冈库,P2-1-01堆位,3,3,4,2025-06-29 02:01:14,3,17.470263307811855
蚬冈库,P2-1-01堆位,3,3,5,2025-06-29 02:01:14,3,17.40981686697754
蚬冈库,P2-1-01堆位,3,3,6,2025-06-29 02:01:14,3,18.599702737893693
蚬冈库,P2-1-01堆位,3,4,1,2025-06-29 02:01:14,3,20.725943050418326
蚬冈库,P2-1-01堆位,3,4,2,2025-06-29 02:01:14,3,19.26866637253109
蚬冈库,P2-1-01堆位,3,4,3,2025-06-29 02:01:14,3,18.40429880662854
蚬冈库,P2-1-01堆位,3,4,4,2025-06-29 02:01:14,3,18.40429880662854
蚬冈库,P2-1-01堆位,3,4,5,2025-06-29 02:01:14,3,18.963920986431443
蚬冈库,P2-1-01堆位,3,4,6,2025-06-29 02:01:14,3,19.69018206160939
蚬冈库,P2-1-01堆位,4,1,1,2025-06-29 02:01:14,3,27.661586452299375
蚬冈库,P2-1-01堆位,4,3,5,2025-06-29 02:01:14,3,17.95841070143129
蚬冈库,P2-1-01堆位,4,1,2,2025-06-29 02:01:14,3,27.93937857853633
蚬冈库,P2-1-01堆位,4,1,4,2025-06-29 02:01:14,3,28.2406311623563
蚬冈库,P2-1-01堆位,4,1,5,2025-06-29 02:01:14,3,27.97693782010117
蚬冈库,P2-1-01堆位,4,1,6,2025-06-29 02:01:14,3,28.252013679426835
蚬冈库,P2-1-01堆位,4,2,1,2025-06-29 02:01:14,3,22.4642853496157
蚬冈库,P2-1-01堆位,4,2,2,2025-06-29 02:01:14,3,25.52006464523253
蚬冈库,P2-1-01堆位,4,2,3,2025-06-29 02:01:14,3,25.97143558529294
蚬冈库,P2-1-01堆位,4,2,4,2025-06-29 02:01:14,3,25.730285732232893
蚬冈库,P2-1-01堆位,4,2,5,2025-06-29 02:01:14,3,25.940605917289645
蚬冈库,P2-1-01堆位,4,2,6,2025-06-29 02:01:14,3,25.033483510758913
蚬冈库,P2-1-01堆位,4,3,1,2025-06-29 02:01:14,3,18.352238765643914
蚬冈库,P2-1-01堆位,4,3,2,2025-06-29 02:01:14,3,17.643869460214237
蚬冈库,P2-1-01堆位,4,3,3,2025-06-29 02:01:14,3,17.089976152410312
蚬冈库,P2-1-01堆位,4,1,3,2025-06-29 02:01:14,3,27.655205000326838
蚬冈库,P2-1-01堆位,5,4,6,2025-06-29 02:01:14,3,20.72682098762629
蚬冈库,P2-1-01堆位,3,2,6,2025-06-30 02:01:14,4,25.88093758348613
蚬冈库,P2-1-01堆位,5,4,4,2025-06-30 02:01:14,4,19.508425667538326
蚬冈库,P2-1-01堆位,2,2,1,2025-06-30 02:01:14,4,24.293081577658356
蚬冈库,P2-1-01堆位,2,2,2,2025-06-30 02:01:14,4,27.917604710517296
蚬冈库,P2-1-01堆位,2,2,3,2025-06-30 02:01:14,4,26.401938017499447
蚬冈库,P2-1-01堆位,2,2,4,2025-06-30 02:01:14,4,26.557716769110367
蚬冈库,P2-1-01堆位,2,2,5,2025-06-30 02:01:14,4,25.654229791226058
蚬冈库,P2-1-01堆位,2,2,6,2025-06-30 02:01:14,4,25.361429465991332
蚬冈库,P2-1-01堆位,2,3,1,2025-06-30 02:01:14,4,19.159330929810164
蚬冈库,P2-1-01堆位,2,3,2,2025-06-30 02:01:14,4,24.268690440513424
蚬冈库,P2-1-01堆位,2,3,3,2025-06-30 02:01:14,4,17.876835669148722
蚬冈库,P2-1-01堆位,2,3,4,2025-06-30 02:01:14,4,17.859411349723004
蚬冈库,P2-1-01堆位,2,3,5,2025-06-30 02:01:14,4,17.859411349723004
蚬冈库,P2-1-01堆位,2,3,6,2025-06-30 02:01:14,4,18.76628900694247
蚬冈库,P2-1-01堆位,2,1,6,2025-06-30 02:01:14,4,28.17195660736587
蚬冈库,P2-1-01堆位,2,4,1,2025-06-30 02:01:14,4,20.236193127395122
蚬冈库,P2-1-01堆位,2,4,3,2025-06-30 02:01:14,4,18.4197062112466
蚬冈库,P2-1-01堆位,2,4,4,2025-06-30 02:01:14,4,18.455534481478068
蚬冈库,P2-1-01堆位,2,4,5,2025-06-30 02:01:14,4,19.09781718342991
蚬冈库,P2-1-01堆位,2,4,6,2025-06-30 02:01:14,4,19.970911612943958
蚬冈库,P2-1-01堆位,3,1,1,2025-06-30 02:01:14,4,27.87732036117125
蚬冈库,P2-1-01堆位,3,1,2,2025-06-30 02:01:14,4,28.233971890536075
蚬冈库,P2-1-01堆位,3,1,3,2025-06-30 02:01:14,4,28.07513841837293
蚬冈库,P2-1-01堆位,3,1,4,2025-06-30 02:01:14,4,28.0075200327569
蚬冈库,P2-1-01堆位,3,1,5,2025-06-30 02:01:14,4,28.04239705011138
蚬冈库,P2-1-01堆位,3,1,6,2025-06-30 02:01:14,4,28.62841743504732
蚬冈库,P2-1-01堆位,3,2,1,2025-06-30 02:01:14,4,23.10468145432526
蚬冈库,P2-1-01堆位,3,2,2,2025-06-30 02:01:14,4,25.3290557776143
蚬冈库,P2-1-01堆位,2,4,2,2025-06-30 02:01:14,4,17.34518238152233
蚬冈库,P2-1-01堆位,3,2,3,2025-06-30 02:01:14,4,25.548944178707295
蚬冈库,P2-1-01堆位,2,1,5,2025-06-30 02:01:14,4,28.011120463512317
蚬冈库,P2-1-01堆位,2,1,3,2025-06-30 02:01:14,4,28.631242361079156
蚬冈库,P2-1-01堆位,1,1,1,2025-06-30 02:01:14,4,29.348654492165142
蚬冈库,P2-1-01堆位,1,1,2,2025-06-30 02:01:14,4,28.478408243689106
蚬冈库,P2-1-01堆位,1,1,3,2025-06-30 02:01:14,4,28.599500684217528
蚬冈库,P2-1-01堆位,1,1,4,2025-06-30 02:01:14,4,28.138536630837226
蚬冈库,P2-1-01堆位,1,1,5,2025-06-30 02:01:14,4,27.519481957557176
蚬冈库,P2-1-01堆位,1,1,6,2025-06-30 02:01:14,4,28.25490172069196
蚬冈库,P2-1-01堆位,1,2,1,2025-06-30 02:01:14,4,23.596477306384294
蚬冈库,P2-1-01堆位,1,2,2,2025-06-30 02:01:14,4,25.361429465991332
蚬冈库,P2-1-01堆位,1,2,3,2025-06-30 02:01:14,4,25.1032831072197
蚬冈库,P2-1-01堆位,1,2,4,2025-06-30 02:01:14,4,25.559774249563702
蚬冈库,P2-1-01堆位,1,2,5,2025-06-30 02:01:14,4,24.536983774452985
蚬冈库,P2-1-01堆位,1,2,6,2025-06-30 02:01:14,4,25.271521014566073
蚬冈库,P2-1-01堆位,2,1,4,2025-06-30 02:01:14,4,28.21439248835352
蚬冈库,P2-1-01堆位,1,3,1,2025-06-30 02:01:14,4,19.955745386827804
蚬冈库,P2-1-01堆位,1,3,3,2025-06-30 02:01:14,4,19.855108201739068
蚬冈库,P2-1-01堆位,1,3,4,2025-06-30 02:01:14,4,20.519845168743842
蚬冈库,P2-1-01堆位,1,3,5,2025-06-30 02:01:14,4,19.491659810628384
蚬冈库,P2-1-01堆位,1,3,6,2025-06-30 02:01:14,4,19.789444447418987
蚬冈库,P2-1-01堆位,1,4,1,2025-06-30 02:01:14,4,21.556481812108125
蚬冈库,P2-1-01堆位,1,4,2,2025-06-30 02:01:14,4,19.95416789835696
蚬冈库,P2-1-01堆位,1,4,3,2025-06-30 02:01:14,4,20.28731925425428
蚬冈库,P2-1-01堆位,1,4,4,2025-06-30 02:01:14,4,19.5349349189095
蚬冈库,P2-1-01堆位,1,4,5,2025-06-30 02:01:14,4,21.065840363251226
蚬冈库,P2-1-01堆位,1,4,6,2025-06-30 02:01:14,4,21.15989881938124
蚬冈库,P2-1-01堆位,2,1,1,2025-06-30 02:01:14,4,27.308285425069613
蚬冈库,P2-1-01堆位,2,1,2,2025-06-30 02:01:14,4,27.96741539801895
蚬冈库,P2-1-01堆位,1,3,2,2025-06-30 02:01:14,4,18.760573363661663
蚬冈库,P2-1-01堆位,5,4,5,2025-06-30 02:01:14,4,19.971892373351483
蚬冈库,P2-1-01堆位,3,2,4,2025-06-30 02:01:14,4,25.787749855929288
蚬冈库,P2-1-01堆位,3,3,1,2025-06-30 02:01:14,4,18.449519829809464
蚬冈库,P2-1-01堆位,4,4,2,2025-06-30 02:01:14,4,19.359323174479567
蚬冈库,P2-1-01堆位,4,4,3,2025-06-30 02:01:14,4,19.51333567087399
蚬冈库,P2-1-01堆位,4,4,4,2025-06-30 02:01:14,4,19.449198647335198
蚬冈库,P2-1-01堆位,4,4,5,2025-06-30 02:01:14,4,19.40194172126653
蚬冈库,P2-1-01堆位,4,4,6,2025-06-30 02:01:14,4,19.754543355595118
蚬冈库,P2-1-01堆位,5,1,1,2025-06-30 02:01:14,4,28.7965947959829
蚬冈库,P2-1-01堆位,5,1,2,2025-06-30 02:01:14,4,27.972459202052363
蚬冈库,P2-1-01堆位,5,1,3,2025-06-30 02:01:14,4,29.351314228761172
蚬冈库,P2-1-01堆位,5,1,4,2025-06-30 02:01:14,4,27.885206953945776
蚬冈库,P2-1-01堆位,5,1,5,2025-06-30 02:01:14,4,28.47839883785771
蚬冈库,P2-1-01堆位,5,1,6,2025-06-30 02:01:14,4,28.61288113052308
蚬冈库,P2-1-01堆位,5,2,1,2025-06-30 02:01:14,4,27.592337230228086
蚬冈库,P2-1-01堆位,4,4,1,2025-06-30 02:01:14,4,20.838596166621034
蚬冈库,P2-1-01堆位,5,2,2,2025-06-30 02:01:14,4,26.536439269730106
蚬冈库,P2-1-01堆位,5,2,4,2025-06-30 02:01:14,4,26.81036298550539
蚬冈库,P2-1-01堆位,5,2,5,2025-06-30 02:01:14,4,26.110959101465248
蚬冈库,P2-1-01堆位,5,2,6,2025-06-30 02:01:14,4,26.291359839592428
蚬冈库,P2-1-01堆位,5,3,1,2025-06-30 02:01:14,4,24.097989352973414
蚬冈库,P2-1-01堆位,5,3,2,2025-06-30 02:01:14,4,20.178320069499026
蚬冈库,P2-1-01堆位,5,3,3,2025-06-30 02:01:14,4,25.747522484737377
蚬冈库,P2-1-01堆位,5,3,4,2025-06-30 02:01:14,4,21.51774652996042
蚬冈库,P2-1-01堆位,5,3,5,2025-06-30 02:01:14,4,19.60541148455979
蚬冈库,P2-1-01堆位,5,3,6,2025-06-30 02:01:14,4,20.66717109261975
蚬冈库,P2-1-01堆位,5,4,1,2025-06-30 02:01:14,4,22.802063839705422
蚬冈库,P2-1-01堆位,5,4,2,2025-06-30 02:01:14,4,20.22907666502553
蚬冈库,P2-1-01堆位,5,4,3,2025-06-30 02:01:14,4,20.473736547020266
蚬冈库,P2-1-01堆位,5,2,3,2025-06-30 02:01:14,4,29.351444763382283
蚬冈库,P2-1-01堆位,3,2,5,2025-06-30 02:01:14,4,25.816082292904635
蚬冈库,P2-1-01堆位,4,3,6,2025-06-30 02:01:14,4,18.88441383912887
蚬冈库,P2-1-01堆位,4,3,4,2025-06-30 02:01:14,4,18.229541499966402
蚬冈库,P2-1-01堆位,3,3,2,2025-06-30 02:01:14,4,17.859411349723004
蚬冈库,P2-1-01堆位,3,3,3,2025-06-30 02:01:14,4,17.52152817754247
蚬冈库,P2-1-01堆位,3,3,4,2025-06-30 02:01:14,4,17.70780875890085
蚬冈库,P2-1-01堆位,3,3,5,2025-06-30 02:01:14,4,17.75537970339793
蚬冈库,P2-1-01堆位,3,3,6,2025-06-30 02:01:14,4,19.271219207845522
蚬冈库,P2-1-01堆位,3,4,1,2025-06-30 02:01:14,4,20.7958330582595
蚬冈库,P2-1-01堆位,3,4,2,2025-06-30 02:01:14,4,19.43435428684806
蚬冈库,P2-1-01堆位,3,4,3,2025-06-30 02:01:14,4,18.706351876140495
蚬冈库,P2-1-01堆位,3,4,4,2025-06-30 02:01:14,4,18.709088612097858
蚬冈库,P2-1-01堆位,3,4,5,2025-06-30 02:01:14,4,19.357256967648908
蚬冈库,P2-1-01堆位,3,4,6,2025-06-30 02:01:14,4,19.751960473747964
蚬冈库,P2-1-01堆位,4,1,1,2025-06-30 02:01:14,4,28.190217221108025
蚬冈库,P2-1-01堆位,4,3,5,2025-06-30 02:01:14,4,18.489103019879817
蚬冈库,P2-1-01堆位,4,1,2,2025-06-30 02:01:14,4,28.069029860318004
蚬冈库,P2-1-01堆位,4,1,4,2025-06-30 02:01:14,4,28.460100420602306
蚬冈库,P2-1-01堆位,4,1,5,2025-06-30 02:01:14,4,28.187457063959585
蚬冈库,P2-1-01堆位,4,1,6,2025-06-30 02:01:14,4,28.504854666501245
蚬冈库,P2-1-01堆位,4,2,1,2025-06-30 02:01:14,4,22.64656601486454
蚬冈库,P2-1-01堆位,4,2,2,2025-06-30 02:01:14,4,25.611764813117258
蚬冈库,P2-1-01堆位,4,2,3,2025-06-30 02:01:14,4,26.09958813645381
蚬冈库,P2-1-01堆位,4,2,4,2025-06-30 02:01:14,4,25.91357914907103
蚬冈库,P2-1-01堆位,4,2,5,2025-06-30 02:01:14,4,26.121789049648854
蚬冈库,P2-1-01堆位,4,2,6,2025-06-30 02:01:14,4,25.1386100401646
蚬冈库,P2-1-01堆位,4,3,1,2025-06-30 02:01:14,4,18.598590224720255
蚬冈库,P2-1-01堆位,4,3,2,2025-06-30 02:01:14,4,18.22776643050013
蚬冈库,P2-1-01堆位,4,3,3,2025-06-30 02:01:14,4,17.29428207228392
蚬冈库,P2-1-01堆位,4,1,3,2025-06-30 02:01:14,4,28.012486982041437
蚬冈库,P2-1-01堆位,5,4,6,2025-06-30 02:01:14,4,20.89593900667539
蚬冈库,P2-1-01堆位,3,2,6,2025-07-01 02:01:14,5,25.812562215875108
蚬冈库,P2-1-01堆位,5,4,4,2025-07-01 02:01:14,5,19.7927395303104
蚬冈库,P2-1-01堆位,2,2,1,2025-07-01 02:01:14,5,24.307654190349517
蚬冈库,P2-1-01堆位,2,2,2,2025-07-01 02:01:14,5,27.29234162513698
蚬冈库,P2-1-01堆位,2,2,3,2025-07-01 02:01:14,5,26.39240465125537
蚬冈库,P2-1-01堆位,2,2,4,2025-07-01 02:01:14,5,26.398855441201096
蚬冈库,P2-1-01堆位,2,2,5,2025-07-01 02:01:14,5,25.53996210698485
蚬冈库,P2-1-01堆位,2,2,6,2025-07-01 02:01:14,5,25.379537770140303
蚬冈库,P2-1-01堆位,2,3,1,2025-07-01 02:01:14,5,18.983226357551747
蚬冈库,P2-1-01堆位,2,3,2,2025-07-01 02:01:14,5,24.259465701109416
蚬冈库,P2-1-01堆位,2,3,3,2025-07-01 02:01:14,5,18.533121052127548
蚬冈库,P2-1-01堆位,2,3,4,2025-07-01 02:01:14,5,18.522146268230607
蚬冈库,P2-1-01堆位,2,3,5,2025-07-01 02:01:14,5,18.522146268230607
蚬冈库,P2-1-01堆位,2,3,6,2025-07-01 02:01:14,5,18.858024238563974
蚬冈库,P2-1-01堆位,2,1,6,2025-07-01 02:01:14,5,27.68250437001536
蚬冈库,P2-1-01堆位,2,4,1,2025-07-01 02:01:14,5,20.39812862347312
蚬冈库,P2-1-01堆位,2,4,3,2025-07-01 02:01:14,5,18.632577011386765
蚬冈库,P2-1-01堆位,2,4,4,2025-07-01 02:01:14,5,18.68435801865775
蚬冈库,P2-1-01堆位,2,4,5,2025-07-01 02:01:14,5,19.01433049277631
蚬冈库,P2-1-01堆位,2,4,6,2025-07-01 02:01:14,5,20.119422324064914
蚬冈库,P2-1-01堆位,3,1,1,2025-07-01 02:01:14,5,27.25626514618582
蚬冈库,P2-1-01堆位,3,1,2,2025-07-01 02:01:14,5,27.650542752555907
蚬冈库,P2-1-01堆位,3,1,3,2025-07-01 02:01:14,5,27.59012485571594
蚬冈库,P2-1-01堆位,3,1,4,2025-07-01 02:01:14,5,27.40715554203174
蚬冈库,P2-1-01堆位,3,1,5,2025-07-01 02:01:14,5,27.355309949779418
蚬冈库,P2-1-01堆位,3,1,6,2025-07-01 02:01:14,5,28.307113284749608
蚬冈库,P2-1-01堆位,3,2,1,2025-07-01 02:01:14,5,23.019565645789985
蚬冈库,P2-1-01堆位,3,2,2,2025-07-01 02:01:14,5,25.3109178560508
蚬冈库,P2-1-01堆位,2,4,2,2025-07-01 02:01:14,5,18.192233341311685
蚬冈库,P2-1-01堆位,3,2,3,2025-07-01 02:01:14,5,25.496016034100098
蚬冈库,P2-1-01堆位,2,1,5,2025-07-01 02:01:14,5,27.357953066526807
蚬冈库,P2-1-01堆位,2,1,3,2025-07-01 02:01:14,5,28.115882578239592
蚬冈库,P2-1-01堆位,1,1,1,2025-07-01 02:01:14,5,29.567388727492
蚬冈库,P2-1-01堆位,1,1,2,2025-07-01 02:01:14,5,28.004719439372884
蚬冈库,P2-1-01堆位,1,1,3,2025-07-01 02:01:14,5,28.235017424561796
蚬冈库,P2-1-01堆位,1,1,4,2025-07-01 02:01:14,5,27.440096676421582
蚬冈库,P2-1-01堆位,1,1,5,2025-07-01 02:01:14,5,27.046349635561246
蚬冈库,P2-1-01堆位,1,1,6,2025-07-01 02:01:14,5,27.763784350119824
蚬冈库,P2-1-01堆位,1,2,1,2025-07-01 02:01:14,5,23.64163389137951
蚬冈库,P2-1-01堆位,1,2,2,2025-07-01 02:01:14,5,25.330829681387904
蚬冈库,P2-1-01堆位,1,2,3,2025-07-01 02:01:14,5,25.139919908260616
蚬冈库,P2-1-01堆位,1,2,4,2025-07-01 02:01:14,5,25.496796788466163
蚬冈库,P2-1-01堆位,1,2,5,2025-07-01 02:01:14,5,24.56235663594505
蚬冈库,P2-1-01堆位,1,2,6,2025-07-01 02:01:14,5,25.150111809534295
蚬冈库,P2-1-01堆位,2,1,4,2025-07-01 02:01:14,5,27.816057532452387
蚬冈库,P2-1-01堆位,1,3,1,2025-07-01 02:01:14,5,20.073574993401127
蚬冈库,P2-1-01堆位,1,3,3,2025-07-01 02:01:14,5,19.16940067634548
蚬冈库,P2-1-01堆位,1,3,4,2025-07-01 02:01:14,5,20.755010338897698
蚬冈库,P2-1-01堆位,1,3,5,2025-07-01 02:01:14,5,18.948915241524407
蚬冈库,P2-1-01堆位,1,3,6,2025-07-01 02:01:14,5,19.741661644717738
蚬冈库,P2-1-01堆位,1,4,1,2025-07-01 02:01:14,5,21.74230492244686
蚬冈库,P2-1-01堆位,1,4,2,2025-07-01 02:01:14,5,20.13551002533663
蚬冈库,P2-1-01堆位,1,4,3,2025-07-01 02:01:14,5,20.21648109469844
蚬冈库,P2-1-01堆位,1,4,4,2025-07-01 02:01:14,5,19.050462657011654
蚬冈库,P2-1-01堆位,1,4,5,2025-07-01 02:01:14,5,21.175649142407835
蚬冈库,P2-1-01堆位,1,4,6,2025-07-01 02:01:14,5,21.284130030116824
蚬冈库,P2-1-01堆位,2,1,1,2025-07-01 02:01:14,5,27.076006693554937
蚬冈库,P2-1-01堆位,2,1,2,2025-07-01 02:01:14,5,27.347413580215967
蚬冈库,P2-1-01堆位,1,3,2,2025-07-01 02:01:14,5,18.64721469528561
蚬冈库,P2-1-01堆位,5,4,5,2025-07-01 02:01:14,5,20.16420103929121
蚬冈库,P2-1-01堆位,3,2,4,2025-07-01 02:01:14,5,25.68741072001197
蚬冈库,P2-1-01堆位,3,3,1,2025-07-01 02:01:14,5,18.785159888857695
蚬冈库,P2-1-01堆位,4,4,2,2025-07-01 02:01:14,5,19.033251426118614
蚬冈库,P2-1-01堆位,4,4,3,2025-07-01 02:01:14,5,19.538219759810563
蚬冈库,P2-1-01堆位,4,4,4,2025-07-01 02:01:14,5,19.178665757595358
蚬冈库,P2-1-01堆位,4,4,5,2025-07-01 02:01:14,5,19.096471044981705
蚬冈库,P2-1-01堆位,4,4,6,2025-07-01 02:01:14,5,19.85710013992582
蚬冈库,P2-1-01堆位,5,1,1,2025-07-01 02:01:14,5,29.237830251310815
蚬冈库,P2-1-01堆位,5,1,2,2025-07-01 02:01:14,5,27.413448136602995
蚬冈库,P2-1-01堆位,5,1,3,2025-07-01 02:01:14,5,29.66135873815856
蚬冈库,P2-1-01堆位,5,1,4,2025-07-01 02:01:14,5,27.37341498574563
蚬冈库,P2-1-01堆位,5,1,5,2025-07-01 02:01:14,5,28.259278311900687
蚬冈库,P2-1-01堆位,5,1,6,2025-07-01 02:01:14,5,28.349918224385178
蚬冈库,P2-1-01堆位,5,2,1,2025-07-01 02:01:14,5,27.432903632393604
蚬冈库,P2-1-01堆位,4,4,1,2025-07-01 02:01:14,5,21.13922801601977
蚬冈库,P2-1-01堆位,5,2,2,2025-07-01 02:01:14,5,26.53485481712991
蚬冈库,P2-1-01堆位,5,2,4,2025-07-01 02:01:14,5,26.67297191307157
蚬冈库,P2-1-01堆位,5,2,5,2025-07-01 02:01:14,5,26.05095596198125
蚬冈库,P2-1-01堆位,5,2,6,2025-07-01 02:01:14,5,26.185193484611048
蚬冈库,P2-1-01堆位,5,3,1,2025-07-01 02:01:14,5,24.09881446991084
蚬冈库,P2-1-01堆位,5,3,2,2025-07-01 02:01:14,5,20.559187256471837
蚬冈库,P2-1-01堆位,5,3,3,2025-07-01 02:01:14,5,25.64497803647246
蚬冈库,P2-1-01堆位,5,3,4,2025-07-01 02:01:14,5,21.588966866187807
蚬冈库,P2-1-01堆位,5,3,5,2025-07-01 02:01:14,5,19.6051264413708
蚬冈库,P2-1-01堆位,5,3,6,2025-07-01 02:01:14,5,20.607167353673233
蚬冈库,P2-1-01堆位,5,4,1,2025-07-01 02:01:14,5,22.773553419285737
蚬冈库,P2-1-01堆位,5,4,2,2025-07-01 02:01:14,5,20.435027003967974
蚬冈库,P2-1-01堆位,5,4,3,2025-07-01 02:01:14,5,20.663460735294176
蚬冈库,P2-1-01堆位,5,2,3,2025-07-01 02:01:14,5,29.148235711178955
蚬冈库,P2-1-01堆位,3,2,5,2025-07-01 02:01:14,5,25.814426964167588
蚬冈库,P2-1-01堆位,4,3,6,2025-07-01 02:01:14,5,18.776322629946215
蚬冈库,P2-1-01堆位,4,3,4,2025-07-01 02:01:14,5,18.7113678388775
蚬冈库,P2-1-01堆位,3,3,2,2025-07-01 02:01:14,5,18.52953477600537
蚬冈库,P2-1-01堆位,3,3,3,2025-07-01 02:01:14,5,18.361650506472582
蚬冈库,P2-1-01堆位,3,3,4,2025-07-01 02:01:14,5,18.455309045513115
蚬冈库,P2-1-01堆位,3,3,5,2025-07-01 02:01:14,5,18.47083025399903
蚬冈库,P2-1-01堆位,3,3,6,2025-07-01 02:01:14,5,19.109277180783575
蚬冈库,P2-1-01堆位,3,4,1,2025-07-01 02:01:14,5,21.087974192268923
蚬冈库,P2-1-01堆位,3,4,2,2025-07-01 02:01:14,5,19.579199806002695
蚬冈库,P2-1-01堆位,3,4,3,2025-07-01 02:01:14,5,18.70522357850525
蚬冈库,P2-1-01堆位,3,4,4,2025-07-01 02:01:14,5,18.716816338474885
蚬冈库,P2-1-01堆位,3,4,5,2025-07-01 02:01:14,5,19.009551222140054
蚬冈库,P2-1-01堆位,3,4,6,2025-07-01 02:01:14,5,19.859045921701956
蚬冈库,P2-1-01堆位,4,1,1,2025-07-01 02:01:14,5,27.46301244520819
蚬冈库,P2-1-01堆位,4,3,5,2025-07-01 02:01:14,5,18.77304793873777
蚬冈库,P2-1-01堆位,4,1,2,2025-07-01 02:01:14,5,27.573829922804034
蚬冈库,P2-1-01堆位,4,1,4,2025-07-01 02:01:14,5,28.060122485282918
蚬冈库,P2-1-01堆位,4,1,5,2025-07-01 02:01:14,5,27.71213901988349
蚬冈库,P2-1-01堆位,4,1,6,2025-07-01 02:01:14,5,28.286681388506558
蚬冈库,P2-1-01堆位,4,2,1,2025-07-01 02:01:14,5,22.69402991291721
蚬冈库,P2-1-01堆位,4,2,2,2025-07-01 02:01:14,5,25.45372611076234
蚬冈库,P2-1-01堆位,4,2,3,2025-07-01 02:01:14,5,26.076455922456088
蚬冈库,P2-1-01堆位,4,2,4,2025-07-01 02:01:14,5,25.772605220833757
蚬冈库,P2-1-01堆位,4,2,5,2025-07-01 02:01:14,5,26.089838938342364
蚬冈库,P2-1-01堆位,4,2,6,2025-07-01 02:01:14,5,25.179688389460814
蚬冈库,P2-1-01堆位,4,3,1,2025-07-01 02:01:14,5,18.79299284964464
蚬冈库,P2-1-01堆位,4,3,2,2025-07-01 02:01:14,5,18.71766352087696
蚬冈库,P2-1-01堆位,4,3,3,2025-07-01 02:01:14,5,18.013939540221116
蚬冈库,P2-1-01堆位,4,1,3,2025-07-01 02:01:14,5,27.43492641092887
蚬冈库,P2-1-01堆位,5,4,6,2025-07-01 02:01:14,5,21.2561680137801
蚬冈库,P2-1-01堆位,3,2,6,2025-07-02 02:01:14,6,25.685303199824876
蚬冈库,P2-1-01堆位,5,4,4,2025-07-02 02:01:14,6,19.584803246854122
蚬冈库,P2-1-01堆位,2,2,1,2025-07-02 02:01:14,6,24.297193678349856
蚬冈库,P2-1-01堆位,2,2,2,2025-07-02 02:01:14,6,27.513656207522118
蚬冈库,P2-1-01堆位,2,2,3,2025-07-02 02:01:14,6,26.19775780775831
蚬冈库,P2-1-01堆位,2,2,4,2025-07-02 02:01:14,6,26.52688071894362
蚬冈库,P2-1-01堆位,2,2,5,2025-07-02 02:01:14,6,25.508987077424848
蚬冈库,P2-1-01堆位,2,2,6,2025-07-02 02:01:14,6,25.381966423807253
蚬冈库,P2-1-01堆位,2,3,1,2025-07-02 02:01:14,6,19.010886782711882
蚬冈库,P2-1-01堆位,2,3,2,2025-07-02 02:01:14,6,24.31634235415383
蚬冈库,P2-1-01堆位,2,3,3,2025-07-02 02:01:14,6,18.333850243513933
蚬冈库,P2-1-01堆位,2,3,4,2025-07-02 02:01:14,6,18.45924166964712
蚬冈库,P2-1-01堆位,2,3,5,2025-07-02 02:01:14,6,18.452988157580773
蚬冈库,P2-1-01堆位,2,3,6,2025-07-02 02:01:14,6,18.900900313598527
蚬冈库,P2-1-01堆位,2,1,6,2025-07-02 02:01:14,6,27.91581011108492
蚬冈库,P2-1-01堆位,2,4,1,2025-07-02 02:01:14,6,20.33598357414672
蚬冈库,P2-1-01堆位,2,4,3,2025-07-02 02:01:14,6,18.71246718759165
蚬冈库,P2-1-01堆位,2,4,4,2025-07-02 02:01:14,6,18.75397179508532
蚬冈库,P2-1-01堆位,2,4,5,2025-07-02 02:01:14,6,18.956631099182847
蚬冈库,P2-1-01堆位,2,4,6,2025-07-02 02:01:14,6,20.12873100357125
蚬冈库,P2-1-01堆位,3,1,1,2025-07-02 02:01:14,6,27.487497759590095
蚬冈库,P2-1-01堆位,3,1,2,2025-07-02 02:01:14,6,27.868156070143495
蚬冈库,P2-1-01堆位,3,1,3,2025-07-02 02:01:14,6,27.905418247337522
蚬冈库,P2-1-01堆位,3,1,4,2025-07-02 02:01:14,6,27.786229641515565
蚬冈库,P2-1-01堆位,3,1,5,2025-07-02 02:01:14,6,27.657743587297468
蚬冈库,P2-1-01堆位,3,1,6,2025-07-02 02:01:14,6,28.42065794251033
蚬冈库,P2-1-01堆位,3,2,1,2025-07-02 02:01:14,6,23.151123554985677
蚬冈库,P2-1-01堆位,3,2,2,2025-07-02 02:01:14,6,25.37389558186739
蚬冈库,P2-1-01堆位,2,4,2,2025-07-02 02:01:14,6,18.04278659559089
蚬冈库,P2-1-01堆位,3,2,3,2025-07-02 02:01:14,6,25.52101745956041
蚬冈库,P2-1-01堆位,2,1,5,2025-07-02 02:01:14,6,27.64735172355007
蚬冈库,P2-1-01堆位,2,1,3,2025-07-02 02:01:14,6,28.368606725655397
蚬冈库,P2-1-01堆位,1,1,1,2025-07-02 02:01:14,6,29.24291667338544
蚬冈库,P2-1-01堆位,1,1,2,2025-07-02 02:01:14,6,28.306072817484207
蚬冈库,P2-1-01堆位,1,1,3,2025-07-02 02:01:14,6,28.457230237526144
蚬冈库,P2-1-01堆位,1,1,4,2025-07-02 02:01:14,6,27.724183929201132
蚬冈库,P2-1-01堆位,1,1,5,2025-07-02 02:01:14,6,27.285951191445832
蚬冈库,P2-1-01堆位,1,1,6,2025-07-02 02:01:14,6,27.70847150907392
蚬冈库,P2-1-01堆位,1,2,1,2025-07-02 02:01:14,6,23.706190299408373
蚬冈库,P2-1-01堆位,1,2,2,2025-07-02 02:01:14,6,25.356282441853317
蚬冈库,P2-1-01堆位,1,2,3,2025-07-02 02:01:14,6,25.266335044847644
蚬冈库,P2-1-01堆位,1,2,4,2025-07-02 02:01:14,6,25.53345752964106
蚬冈库,P2-1-01堆位,1,2,5,2025-07-02 02:01:14,6,24.625545776163893
蚬冈库,P2-1-01堆位,1,2,6,2025-07-02 02:01:14,6,25.2494888424373
蚬冈库,P2-1-01堆位,2,1,4,2025-07-02 02:01:14,6,27.917343277006857
蚬冈库,P2-1-01堆位,1,3,1,2025-07-02 02:01:14,6,20.06273037466159
蚬冈库,P2-1-01堆位,1,3,3,2025-07-02 02:01:14,6,19.195517254368713
蚬冈库,P2-1-01堆位,1,3,4,2025-07-02 02:01:14,6,20.493446780223067
蚬冈库,P2-1-01堆位,1,3,5,2025-07-02 02:01:14,6,18.983404998950967
蚬冈库,P2-1-01堆位,1,3,6,2025-07-02 02:01:14,6,19.610026082881966
蚬冈库,P2-1-01堆位,1,4,1,2025-07-02 02:01:14,6,21.567490499821233
蚬冈库,P2-1-01堆位,1,4,2,2025-07-02 02:01:14,6,20.122292056874063
蚬冈库,P2-1-01堆位,1,4,3,2025-07-02 02:01:14,6,20.272923057377497
蚬冈库,P2-1-01堆位,1,4,4,2025-07-02 02:01:14,6,19.031027263901073
蚬冈库,P2-1-01堆位,1,4,5,2025-07-02 02:01:14,6,20.947003610738836
蚬冈库,P2-1-01堆位,1,4,6,2025-07-02 02:01:14,6,21.105871791292408
蚬冈库,P2-1-01堆位,2,1,1,2025-07-02 02:01:14,6,27.25584070385073
蚬冈库,P2-1-01堆位,2,1,2,2025-07-02 02:01:14,6,27.75918508531334
蚬冈库,P2-1-01堆位,1,3,2,2025-07-02 02:01:14,6,18.836919979680378
蚬冈库,P2-1-01堆位,5,4,5,2025-07-02 02:01:14,6,20.121889391771127
蚬冈库,P2-1-01堆位,3,2,4,2025-07-02 02:01:14,6,25.670409072303453
蚬冈库,P2-1-01堆位,3,3,1,2025-07-02 02:01:14,6,18.70390158736799
蚬冈库,P2-1-01堆位,4,4,2,2025-07-02 02:01:14,6,18.95476803615842
蚬冈库,P2-1-01堆位,4,4,3,2025-07-02 02:01:14,6,19.407524750533028
蚬冈库,P2-1-01堆位,4,4,4,2025-07-02 02:01:14,6,19.026978999803095
蚬冈库,P2-1-01堆位,4,4,5,2025-07-02 02:01:14,6,19.07450574176291
蚬冈库,P2-1-01堆位,4,4,6,2025-07-02 02:01:14,6,19.826632734596764
蚬冈库,P2-1-01堆位,5,1,1,2025-07-02 02:01:14,6,28.788977642702672
蚬冈库,P2-1-01堆位,5,1,2,2025-07-02 02:01:14,6,27.81964417427711
蚬冈库,P2-1-01堆位,5,1,3,2025-07-02 02:01:14,6,29.34746965358145
蚬冈库,P2-1-01堆位,5,1,4,2025-07-02 02:01:14,6,27.600776515883805
蚬冈库,P2-1-01堆位,5,1,5,2025-07-02 02:01:14,6,28.33039139923079
蚬冈库,P2-1-01堆位,5,1,6,2025-07-02 02:01:14,6,28.479934241528372
蚬冈库,P2-1-01堆位,5,2,1,2025-07-02 02:01:14,6,27.46896994046981
蚬冈库,P2-1-01堆位,4,4,1,2025-07-02 02:01:14,6,20.965993352142963
蚬冈库,P2-1-01堆位,5,2,2,2025-07-02 02:01:14,6,26.411951871457934
蚬冈库,P2-1-01堆位,5,2,4,2025-07-02 02:01:14,6,26.514904670252406
蚬冈库,P2-1-01堆位,5,2,5,2025-07-02 02:01:14,6,26.03780933799084
蚬冈库,P2-1-01堆位,5,2,6,2025-07-02 02:01:14,6,26.10078011163794
蚬冈库,P2-1-01堆位,5,3,1,2025-07-02 02:01:14,6,24.105931175529648
蚬冈库,P2-1-01堆位,5,3,2,2025-07-02 02:01:14,6,20.275712108559386
蚬冈库,P2-1-01堆位,5,3,3,2025-07-02 02:01:14,6,25.640660426849095
蚬冈库,P2-1-01堆位,5,3,4,2025-07-02 02:01:14,6,21.766000624994167
蚬冈库,P2-1-01堆位,5,3,5,2025-07-02 02:01:14,6,19.618910827429506
蚬冈库,P2-1-01堆位,5,3,6,2025-07-02 02:01:14,6,20.533352234397093
蚬冈库,P2-1-01堆位,5,4,1,2025-07-02 02:01:14,6,22.782177195603406
蚬冈库,P2-1-01堆位,5,4,2,2025-07-02 02:01:14,6,20.38634989527009
蚬冈库,P2-1-01堆位,5,4,3,2025-07-02 02:01:14,6,20.561108483559682
蚬冈库,P2-1-01堆位,5,2,3,2025-07-02 02:01:14,6,29.14906596771446
蚬冈库,P2-1-01堆位,3,2,5,2025-07-02 02:01:14,6,25.689572852217548
蚬冈库,P2-1-01堆位,4,3,6,2025-07-02 02:01:14,6,18.96809094241255
蚬冈库,P2-1-01堆位,4,3,4,2025-07-02 02:01:14,6,18.480684637665597
蚬冈库,P2-1-01堆位,3,3,2,2025-07-02 02:01:14,6,18.474008893271787
蚬冈库,P2-1-01堆位,3,3,3,2025-07-02 02:01:14,6,18.230874131574915
蚬冈库,P2-1-01堆位,3,3,4,2025-07-02 02:01:14,6,18.19801181332989
蚬冈库,P2-1-01堆位,3,3,5,2025-07-02 02:01:14,6,18.271086898335266
蚬冈库,P2-1-01堆位,3,3,6,2025-07-02 02:01:14,6,19.121998172314047
蚬冈库,P2-1-01堆位,3,4,1,2025-07-02 02:01:14,6,20.882394153522206
蚬冈库,P2-1-01堆位,3,4,2,2025-07-02 02:01:14,6,19.383844179466564
蚬冈库,P2-1-01堆位,3,4,3,2025-07-02 02:01:14,6,18.7907106504541
蚬冈库,P2-1-01堆位,3,4,4,2025-07-02 02:01:14,6,18.788842615104308
蚬冈库,P2-1-01堆位,3,4,5,2025-07-02 02:01:14,6,18.91112839769257
蚬冈库,P2-1-01堆位,3,4,6,2025-07-02 02:01:14,6,19.82036884680172
蚬冈库,P2-1-01堆位,4,1,1,2025-07-02 02:01:14,6,27.690697342649432
蚬冈库,P2-1-01堆位,4,3,5,2025-07-02 02:01:14,6,18.612790593252964
蚬冈库,P2-1-01堆位,4,1,2,2025-07-02 02:01:14,6,27.836083062073122
蚬冈库,P2-1-01堆位,4,1,4,2025-07-02 02:01:14,6,28.36373607642543
蚬冈库,P2-1-01堆位,4,1,5,2025-07-02 02:01:14,6,27.945380015688986
蚬冈库,P2-1-01堆位,4,1,6,2025-07-02 02:01:14,6,28.29561642012073
蚬冈库,P2-1-01堆位,4,2,1,2025-07-02 02:01:14,6,22.76123534707206
蚬冈库,P2-1-01堆位,4,2,2,2025-07-02 02:01:14,6,25.487724676343664
蚬冈库,P2-1-01堆位,4,2,3,2025-07-02 02:01:14,6,26.123406328701634
蚬冈库,P2-1-01堆位,4,2,4,2025-07-02 02:01:14,6,25.763409807537517
蚬冈库,P2-1-01堆位,4,2,5,2025-07-02 02:01:14,6,25.945522309072214
蚬冈库,P2-1-01堆位,4,2,6,2025-07-02 02:01:14,6,25.324832410648536
蚬冈库,P2-1-01堆位,4,3,1,2025-07-02 02:01:14,6,18.80962348450625
蚬冈库,P2-1-01堆位,4,3,2,2025-07-02 02:01:14,6,18.48467087354377
蚬冈库,P2-1-01堆位,4,3,3,2025-07-02 02:01:14,6,17.86631515107962
蚬冈库,P2-1-01堆位,4,1,3,2025-07-02 02:01:14,6,27.817773599352098
蚬冈库,P2-1-01堆位,5,4,6,2025-07-02 02:01:14,6,20.99848808917237
蚬冈库,P2-1-01堆位,3,2,6,2025-07-03 02:01:14,7,25.557482687437346
蚬冈库,P2-1-01堆位,5,4,4,2025-07-03 02:01:14,7,19.65012661714366
蚬冈库,P2-1-01堆位,2,2,1,2025-07-03 02:01:14,7,24.038104876804088
蚬冈库,P2-1-01堆位,2,2,2,2025-07-03 02:01:14,7,27.88694423796741
蚬冈库,P2-1-01堆位,2,2,3,2025-07-03 02:01:14,7,26.25014444312871
蚬冈库,P2-1-01堆位,2,2,4,2025-07-03 02:01:14,7,26.387703322330296
蚬冈库,P2-1-01堆位,2,2,5,2025-07-03 02:01:14,7,25.315689135028386
蚬冈库,P2-1-01堆位,2,2,6,2025-07-03 02:01:14,7,25.096329772779953
蚬冈库,P2-1-01堆位,2,3,1,2025-07-03 02:01:14,7,19.216223081836578
蚬冈库,P2-1-01堆位,2,3,2,2025-07-03 02:01:14,7,23.99940160330627
蚬冈库,P2-1-01堆位,2,3,3,2025-07-03 02:01:14,7,18.64517678404651
蚬冈库,P2-1-01堆位,2,3,4,2025-07-03 02:01:14,7,18.714100022386223
蚬冈库,P2-1-01堆位,2,3,5,2025-07-03 02:01:14,7,18.714100022386223
蚬冈库,P2-1-01堆位,2,3,6,2025-07-03 02:01:14,7,19.121160022569118
蚬冈库,P2-1-01堆位,2,1,6,2025-07-03 02:01:14,7,28.227279596888096
蚬冈库,P2-1-01堆位,2,4,1,2025-07-03 02:01:14,7,20.371157618779183
蚬冈库,P2-1-01堆位,2,4,3,2025-07-03 02:01:14,7,18.877590200975703
蚬冈库,P2-1-01堆位,2,4,4,2025-07-03 02:01:14,7,18.99334065293836
蚬冈库,P2-1-01堆位,2,4,5,2025-07-03 02:01:14,7,19.01931932310667
蚬冈库,P2-1-01堆位,2,4,6,2025-07-03 02:01:14,7,20.018135052192264
蚬冈库,P2-1-01堆位,3,1,1,2025-07-03 02:01:14,7,27.658240056202505
蚬冈库,P2-1-01堆位,3,1,2,2025-07-03 02:01:14,7,28.11509291196088
蚬冈库,P2-1-01堆位,3,1,3,2025-07-03 02:01:14,7,28.202458365811065
蚬冈库,P2-1-01堆位,3,1,4,2025-07-03 02:01:14,7,28.179181973889115
蚬冈库,P2-1-01堆位,3,1,5,2025-07-03 02:01:14,7,28.095135267869765
蚬冈库,P2-1-01堆位,3,1,6,2025-07-03 02:01:14,7,28.72298395632347
蚬冈库,P2-1-01堆位,3,2,1,2025-07-03 02:01:14,7,22.98008871460501
蚬冈库,P2-1-01堆位,3,2,2,2025-07-03 02:01:14,7,25.042807143544753
蚬冈库,P2-1-01堆位,2,4,2,2025-07-03 02:01:14,7,18.4467004290722
蚬冈库,P2-1-01堆位,3,2,3,2025-07-03 02:01:14,7,25.28543367312867
蚬冈库,P2-1-01堆位,2,1,5,2025-07-03 02:01:14,7,28.103248109669256
蚬冈库,P2-1-01堆位,2,1,3,2025-07-03 02:01:14,7,28.91761460040025
蚬冈库,P2-1-01堆位,1,1,1,2025-07-03 02:01:14,7,29.896371991504157
蚬冈库,P2-1-01堆位,1,1,2,2025-07-03 02:01:14,7,28.43051599996548
蚬冈库,P2-1-01堆位,1,1,3,2025-07-03 02:01:14,7,28.720121978632115
蚬冈库,P2-1-01堆位,1,1,4,2025-07-03 02:01:14,7,28.108289206638513
蚬冈库,P2-1-01堆位,1,1,5,2025-07-03 02:01:14,7,27.391863705812774
蚬冈库,P2-1-01堆位,1,1,6,2025-07-03 02:01:14,7,28.021097956394847
蚬冈库,P2-1-01堆位,1,2,1,2025-07-03 02:01:14,7,23.449911726702073
蚬冈库,P2-1-01堆位,1,2,2,2025-07-03 02:01:14,7,25.036952496773036
蚬冈库,P2-1-01堆位,1,2,3,2025-07-03 02:01:14,7,24.95305470208247
蚬冈库,P2-1-01堆位,1,2,4,2025-07-03 02:01:14,7,25.302546362153013
蚬冈库,P2-1-01堆位,1,2,5,2025-07-03 02:01:14,7,24.37506423887648
蚬冈库,P2-1-01堆位,1,2,6,2025-07-03 02:01:14,7,24.99283896102594
蚬冈库,P2-1-01堆位,2,1,4,2025-07-03 02:01:14,7,28.21172868860021
蚬冈库,P2-1-01堆位,1,3,1,2025-07-03 02:01:14,7,20.180648222847093
蚬冈库,P2-1-01堆位,1,3,3,2025-07-03 02:01:14,7,19.415168505439073
蚬冈库,P2-1-01堆位,1,3,4,2025-07-03 02:01:14,7,20.628739357231115
蚬冈库,P2-1-01堆位,1,3,5,2025-07-03 02:01:14,7,19.163217368318552
蚬冈库,P2-1-01堆位,1,3,6,2025-07-03 02:01:14,7,19.838676903902538
蚬冈库,P2-1-01堆位,1,4,1,2025-07-03 02:01:14,7,21.288714390119345
蚬冈库,P2-1-01堆位,1,4,2,2025-07-03 02:01:14,7,20.125802822212485
蚬冈库,P2-1-01堆位,1,4,3,2025-07-03 02:01:14,7,20.143069291973646
蚬冈库,P2-1-01堆位,1,4,4,2025-07-03 02:01:14,7,19.14627983117506
蚬冈库,P2-1-01堆位,1,4,5,2025-07-03 02:01:14,7,20.917044047635596
蚬冈库,P2-1-01堆位,1,4,6,2025-07-03 02:01:14,7,21.2442403742374
蚬冈库,P2-1-01堆位,2,1,1,2025-07-03 02:01:14,7,27.168236234823937
蚬冈库,P2-1-01堆位,2,1,2,2025-07-03 02:01:14,7,28.07072136087805
蚬冈库,P2-1-01堆位,1,3,2,2025-07-03 02:01:14,7,19.179435859193443
蚬冈库,P2-1-01堆位,5,4,5,2025-07-03 02:01:14,7,20.032186650329038
蚬冈库,P2-1-01堆位,3,2,4,2025-07-03 02:01:14,7,25.669257276321506
蚬冈库,P2-1-01堆位,3,3,1,2025-07-03 02:01:14,7,18.951304196910783
蚬冈库,P2-1-01堆位,4,4,2,2025-07-03 02:01:14,7,19.05640521570639
蚬冈库,P2-1-01堆位,4,4,3,2025-07-03 02:01:14,7,19.469626362868556
蚬冈库,P2-1-01堆位,4,4,4,2025-07-03 02:01:14,7,19.191251319049005
蚬冈库,P2-1-01堆位,4,4,5,2025-07-03 02:01:14,7,19.117058639327656
蚬冈库,P2-1-01堆位,4,4,6,2025-07-03 02:01:14,7,19.69023690467917
蚬冈库,P2-1-01堆位,5,1,1,2025-07-03 02:01:14,7,29.315369502653404
蚬冈库,P2-1-01堆位,5,1,2,2025-07-03 02:01:14,7,28.230053952948605
蚬冈库,P2-1-01堆位,5,1,3,2025-07-03 02:01:14,7,30.127705292684563
蚬冈库,P2-1-01堆位,5,1,4,2025-07-03 02:01:14,7,27.91560629561058
蚬冈库,P2-1-01堆位,5,1,5,2025-07-03 02:01:14,7,28.74859058872999
蚬冈库,P2-1-01堆位,5,1,6,2025-07-03 02:01:14,7,28.883038056682945
蚬冈库,P2-1-01堆位,5,2,1,2025-07-03 02:01:14,7,27.786988188063223
蚬冈库,P2-1-01堆位,4,4,1,2025-07-03 02:01:14,7,20.78767325157375
蚬冈库,P2-1-01堆位,5,2,2,2025-07-03 02:01:14,7,26.437594157958692
蚬冈库,P2-1-01堆位,5,2,4,2025-07-03 02:01:14,7,26.535824483351757
蚬冈库,P2-1-01堆位,5,2,5,2025-07-03 02:01:14,7,25.867070016858847
蚬冈库,P2-1-01堆位,5,2,6,2025-07-03 02:01:14,7,25.957222454069342
蚬冈库,P2-1-01堆位,5,3,1,2025-07-03 02:01:14,7,23.855934034998345
蚬冈库,P2-1-01堆位,5,3,2,2025-07-03 02:01:14,7,20.397076327039887
蚬冈库,P2-1-01堆位,5,3,3,2025-07-03 02:01:14,7,25.654341971195915
蚬冈库,P2-1-01堆位,5,3,4,2025-07-03 02:01:14,7,21.698969964676724
蚬冈库,P2-1-01堆位,5,3,5,2025-07-03 02:01:14,7,19.699255136830104
蚬冈库,P2-1-01堆位,5,3,6,2025-07-03 02:01:14,7,20.809604835556335
蚬冈库,P2-1-01堆位,5,4,1,2025-07-03 02:01:14,7,22.788233126098216
蚬冈库,P2-1-01堆位,5,4,2,2025-07-03 02:01:14,7,20.440376026139678
蚬冈库,P2-1-01堆位,5,4,3,2025-07-03 02:01:14,7,20.6082395201768
蚬冈库,P2-1-01堆位,5,2,3,2025-07-03 02:01:14,7,29.85624855928564
蚬冈库,P2-1-01堆位,3,2,5,2025-07-03 02:01:14,7,25.513744769916876
蚬冈库,P2-1-01堆位,4,3,6,2025-07-03 02:01:14,7,19.253952397699376
蚬冈库,P2-1-01堆位,4,3,4,2025-07-03 02:01:14,7,18.781292774550263
蚬冈库,P2-1-01堆位,3,3,2,2025-07-03 02:01:14,7,18.718032140224302
蚬冈库,P2-1-01堆位,3,3,3,2025-07-03 02:01:14,7,18.492647547378205
蚬冈库,P2-1-01堆位,3,3,4,2025-07-03 02:01:14,7,18.604532174190748
蚬冈库,P2-1-01堆位,3,3,5,2025-07-03 02:01:14,7,18.537107938415883
蚬冈库,P2-1-01堆位,3,3,6,2025-07-03 02:01:14,7,19.188414096894014
蚬冈库,P2-1-01堆位,3,4,1,2025-07-03 02:01:14,7,20.693932972370717
蚬冈库,P2-1-01堆位,3,4,2,2025-07-03 02:01:14,7,19.48906822560062
蚬冈库,P2-1-01堆位,3,4,3,2025-07-03 02:01:14,7,19.046068506912803
蚬冈库,P2-1-01堆位,3,4,4,2025-07-03 02:01:14,7,19.02884391160274
蚬冈库,P2-1-01堆位,3,4,5,2025-07-03 02:01:14,7,19.040521842476856
蚬冈库,P2-1-01堆位,3,4,6,2025-07-03 02:01:14,7,19.665853242241436
蚬冈库,P2-1-01堆位,4,1,1,2025-07-03 02:01:14,7,28.129193606157408
蚬冈库,P2-1-01堆位,4,3,5,2025-07-03 02:01:14,7,18.94243525202015
蚬冈库,P2-1-01堆位,4,1,2,2025-07-03 02:01:14,7,28.13812637183622
蚬冈库,P2-1-01堆位,4,1,4,2025-07-03 02:01:14,7,28.590626136078715
蚬冈库,P2-1-01堆位,4,1,5,2025-07-03 02:01:14,7,28.31453562844251
蚬冈库,P2-1-01堆位,4,1,6,2025-07-03 02:01:14,7,28.67886794088005
蚬冈库,P2-1-01堆位,4,2,1,2025-07-03 02:01:14,7,22.5357815676973
蚬冈库,P2-1-01堆位,4,2,2,2025-07-03 02:01:14,7,25.269311948167005
蚬冈库,P2-1-01堆位,4,2,3,2025-07-03 02:01:14,7,25.989880774856072
蚬冈库,P2-1-01堆位,4,2,4,2025-07-03 02:01:14,7,25.79885316172049
蚬冈库,P2-1-01堆位,4,2,5,2025-07-03 02:01:14,7,25.682642477987173
蚬冈库,P2-1-01堆位,4,2,6,2025-07-03 02:01:14,7,24.981051590924626
蚬冈库,P2-1-01堆位,4,3,1,2025-07-03 02:01:14,7,19.15184778900329
蚬冈库,P2-1-01堆位,4,3,2,2025-07-03 02:01:14,7,18.785224892388342
蚬冈库,P2-1-01堆位,4,3,3,2025-07-03 02:01:14,7,18.339631262189283
蚬冈库,P2-1-01堆位,4,1,3,2025-07-03 02:01:14,7,28.248004285002065
蚬冈库,P2-1-01堆位,5,4,6,2025-07-03 02:01:14,7,21.04325008340567
